Date/Time,Environment:Site Outdoor Air Drybulb Temperature [C](TimeStep),Environment:Site Wind Speed [m/s](TimeStep),Environment:Site Wind Direction [deg](TimeStep),Environment:Site Diffuse Solar Radiation Rate per Area [W/m2](TimeStep),TECHO:Surface Outside Face Incident Solar Radiation Rate per Area [W/m2](TimeStep) 
 03/04  00:10:00,22.2,1.0,315.0,0.0,0.0 
 03/04  00:20:00,21.7,0.9,329.0,0.0,0.0 
 03/04  00:30:00,22.6,0.8,330.0,0.0,0.0 
 03/04  00:40:00,21.9,1.3,338.0,0.0,0.0 
 03/04  00:50:00,21.6,2.1,348.0,0.0,0.0 
 03/04  01:00:00,21.4,2.0,346.0,0.0,0.0 
 03/04  01:10:00,21.0,2.3,337.0,0.0,0.0 
 03/04  01:20:00,21.3,2.1,309.0,0.0,0.0 
 03/04  01:30:00,20.5,2.4,347.0,0.0,0.0 
 03/04  01:40:00,20.5,2.7,334.0,0.0,0.0 
 03/04  01:50:00,20.6,2.2,343.0,0.0,0.0 
 03/04  02:00:00,20.3,1.8,188.0,0.0,0.0 
 03/04  02:10:00,19.7,2.0,213.0,0.0,0.0 
 03/04  02:20:00,19.2,2.2,343.0,0.0,0.0 
 03/04  02:30:00,19.4,2.5,341.0,0.0,0.0 
 03/04  02:40:00,19.6,2.1,333.0,0.0,0.0 
 03/04  02:50:00,18.9,2.1,209.0,0.0,0.0 
 03/04  03:00:00,18.5,1.9,155.0,0.0,0.0 
 03/04  03:10:00,18.1,1.2,280.0,0.0,0.0 
 03/04  03:20:00,17.9,2.0,283.0,0.0,0.0 
 03/04  03:30:00,18.8,1.9,277.0,0.0,0.0 
 03/04  03:40:00,19.2,2.2,309.0,0.0,0.0 
 03/04  03:50:00,18.5,2.5,327.0,0.0,0.0 
 03/04  04:00:00,18.7,2.2,312.0,0.0,0.0 
 03/04  04:10:00,17.9,2.2,319.0,0.0,0.0 
 03/04  04:20:00,17.5,2.4,316.0,0.0,0.0 
 03/04  04:30:00,17.5,2.2,309.0,0.0,0.0 
 03/04  04:40:00,17.7,2.0,332.0,0.0,0.0 
 03/04  04:50:00,17.6,2.5,330.0,0.0,0.0 
 03/04  05:00:00,17.4,2.3,332.0,0.0,0.0 
 03/04  05:10:00,17.3,2.7,340.0,0.0,0.0 
 03/04  05:20:00,17.3,2.9,346.0,0.0,0.0 
 03/04  05:30:00,17.3,2.8,345.0,0.0,0.0 
 03/04  05:40:00,17.1,3.2,345.0,0.0,0.0 
 03/04  05:50:00,16.9,3.3,343.0,0.0,0.0 
 03/04  06:00:00,16.8,3.3,345.0,0.0,0.0 
 03/04  06:10:00,16.8,3.2,344.0,0.0,0.0 
 03/04  06:20:00,16.7,3.1,354.0,0.0,0.0 
 03/04  06:30:00,16.7,2.8,352.0,0.0,0.0 
 03/04  06:40:00,16.7,2.7,341.0,0.0,0.0 
 03/04  06:50:00,16.5,2.3,344.0,0.0,0.0 
 03/04  07:00:00,16.4,2.7,344.0,0.0,0.0 
 03/04  07:10:00,16.1,2.6,329.0,0.891,1.4953738434927026 
 03/04  07:20:00,15.9,2.4,323.0,7.444,9.838493236482194 
 03/04  07:30:00,16.1,2.2,330.0,17.28,30.24783218594515 
 03/04  07:40:00,16.2,2.3,330.0,26.78,59.599522484739275 
 03/04  07:50:00,16.6,1.8,306.0,35.4,95.87346123248966 
 03/04  08:00:00,17.1,1.5,287.0,42.56,130.9336268531717 
 03/04  08:10:00,17.8,1.2,293.0,49.06,172.5731923483004 
 03/04  08:20:00,18.8,1.1,266.0,55.15,211.5929100213842 
 03/04  08:30:00,19.8,1.1,204.0,60.57,251.6653455853017 
 03/04  08:40:00,20.6,0.8,214.0,65.13,293.32299242590096 
 03/04  08:50:00,21.2,1.4,201.0,69.48,337.17055753607355 
 03/04  09:00:00,21.1,1.6,189.0,74.43,378.39563700615025 
 03/04  09:10:00,21.8,1.5,178.0,77.43,419.1144381604242 
 03/04  09:20:00,22.3,1.4,156.0,81.8,460.6937372864215 
 03/04  09:30:00,22.8,1.8,225.0,85.9,500.9316291317923 
 03/04  09:40:00,22.9,1.6,203.0,90.1,537.6946919695524 
 03/04  09:50:00,23.1,1.3,170.0,93.1,575.5860044944965 
 03/04  10:00:00,23.3,1.0,162.0,95.8,615.7053096755897 
 03/04  10:10:00,23.9,1.7,131.0,94.1,639.1141060518077 
 03/04  10:20:00,24.4,1.6,193.0,94.7,661.9845091340217 
 03/04  10:30:00,24.4,1.6,118.0,98.2,686.5067414089216 
 03/04  10:40:00,25.0,1.8,97.0,101.8,709.8393223481875 
 03/04  10:50:00,24.8,1.4,183.0,104.0,730.4431848104035 
 03/04  11:00:00,25.4,1.2,179.0,105.2,748.6822190155564 
 03/04  11:10:00,25.3,1.8,199.0,107.7,766.8230388493802 
 03/04  11:20:00,25.4,1.9,167.0,111.3,784.6350136067147 
 03/04  11:30:00,25.4,1.7,209.0,112.1,798.1906428918426 
 03/04  11:40:00,26.2,1.4,191.0,112.3,809.6648769774555 
 03/04  11:50:00,25.2,1.2,157.0,114.1,821.235970719608 
 03/04  12:00:00,27.0,2.0,115.0,115.2,830.5848821987086 
 03/04  12:10:00,27.0,1.7,171.0,116.1,838.1955863439287 
 03/04  12:20:00,27.2,2.2,146.0,116.6,843.8552774475027 
 03/04  12:30:00,26.8,1.9,192.0,118.8,849.6538899048298 
 03/04  12:40:00,26.2,1.5,148.0,120.5,853.3844580916775 
 03/04  12:50:00,28.1,1.6,165.0,120.8,854.1430597407867 
 03/04  13:00:00,27.6,1.8,250.0,121.4,853.6289658189481 
 03/04  13:10:00,28.4,1.0,247.0,121.3,850.8443585455088 
 03/04  13:20:00,28.9,1.4,311.0,121.6,846.8944384773145 
 03/04  13:30:00,27.6,2.0,227.0,123.5,842.987555186244 
 03/04  13:40:00,28.4,1.5,172.0,123.5,835.635091356677 
 03/04  13:50:00,29.4,1.5,171.0,125.3,828.5512047697777 
 03/04  14:00:00,29.0,2.2,135.0,130.6,823.4534019353327 
 03/04  14:10:00,29.3,2.3,79.0,132.7,813.6619988042567 
 03/04  14:20:00,28.8,2.0,146.0,134.3,801.9000917739675 
 03/04  14:30:00,29.6,1.5,193.0,135.0,787.7939237188335 
 03/04  14:40:00,29.3,2.9,127.0,134.5,771.072559998184 
 03/04  14:50:00,29.7,1.1,224.0,132.3,751.2679300047794 
 03/04  15:00:00,30.4,1.5,112.0,130.5,730.5147554563414 
 03/04  15:10:00,30.4,2.3,122.0,129.0,708.7504240639973 
 03/04  15:20:00,30.7,1.5,212.0,125.9,684.115446259829 
 03/04  15:30:00,30.8,2.7,231.0,123.5,658.9527843239688 
 03/04  15:40:00,29.5,2.4,153.0,121.1,632.6082641420663 
 03/04  15:50:00,30.7,1.7,147.0,118.0,604.4306869143762 
 03/04  16:00:00,31.5,1.9,136.0,115.2,575.4715353048401 
 03/04  16:10:00,31.5,2.1,172.0,112.8,545.8853701710137 
 03/04  16:20:00,32.0,1.8,238.0,110.1,515.0300353367414 
 03/04  16:30:00,31.7,1.4,164.0,106.2,482.0668721704119 
 03/04  16:40:00,32.4,0.9,160.0,100.8,446.76144490051075 
 03/04  16:50:00,32.0,1.5,156.0,97.5,412.78429648777797 
 03/04  17:00:00,31.8,2.3,159.0,94.6,378.5124869197905 
 03/04  17:10:00,32.0,1.3,162.0,90.0,341.93201399643607 
 03/04  17:20:00,32.6,1.7,175.0,85.1,304.54203192029337 
 03/04  17:30:00,31.7,2.2,216.0,80.5,267.0625034854984 
 03/04  17:40:00,31.2,2.5,191.0,74.21,227.65868746185464 
 03/04  17:50:00,31.1,1.8,202.0,66.44,186.761433218129 
 03/04  18:00:00,31.1,1.6,207.0,58.72,146.25614691267066 
 03/04  18:10:00,30.8,1.7,184.0,49.93,106.72823826148783 
 03/04  18:20:00,30.1,2.0,177.0,41.03,70.42659669804316 
 03/04  18:30:00,30.2,1.2,206.0,29.8,38.91331794934726 
 03/04  18:40:00,29.8,1.2,206.0,0.0,0.0 
 03/04  18:50:00,29.0,0.9,241.0,0.0,0.0 
 03/04  19:00:00,28.3,0.2,279.0,0.0,0.0 
 03/04  19:10:00,27.8,0.0,255.0,0.0,0.0 
 03/04  19:20:00,27.1,0.0,303.0,0.0,0.0 
 03/04  19:30:00,26.5,0.6,340.0,0.0,0.0 
 03/04  19:40:00,25.8,2.0,346.0,0.0,0.0 
 03/04  19:50:00,25.4,2.6,316.0,0.0,0.0 
 03/04  20:00:00,25.0,2.4,318.0,0.0,0.0 
 03/04  20:10:00,24.7,2.3,321.0,0.0,0.0 
 03/04  20:20:00,24.3,2.2,353.0,0.0,0.0 
 03/04  20:30:00,24.3,2.2,316.0,0.0,0.0 
 03/04  20:40:00,24.2,2.8,239.0,0.0,0.0 
 03/04  20:50:00,24.0,2.7,310.0,0.0,0.0 
 03/04  21:00:00,24.4,3.1,348.0,0.0,0.0 
 03/04  21:10:00,24.2,2.1,251.0,0.0,0.0 
 03/04  21:20:00,24.0,1.2,110.0,0.0,0.0 
 03/04  21:30:00,24.0,1.6,279.0,0.0,0.0 
 03/04  21:40:00,23.8,2.0,348.0,0.0,0.0 
 03/04  21:50:00,23.8,2.7,355.0,0.0,0.0 
 03/04  22:00:00,23.5,2.1,355.0,0.0,0.0 
 03/04  22:10:00,23.5,2.2,284.0,0.0,0.0 
 03/04  22:20:00,23.4,1.5,319.0,0.0,0.0 
 03/04  22:30:00,23.6,1.5,109.0,0.0,0.0 
 03/04  22:40:00,23.5,0.3,273.0,0.0,0.0 
 03/04  22:50:00,23.1,0.1,323.0,0.0,0.0 
 03/04  23:00:00,23.0,0.6,287.0,0.0,0.0 
 03/04  23:10:00,22.6,1.3,284.0,0.0,0.0 
 03/04  23:20:00,22.4,1.3,170.0,0.0,0.0 
 03/04  23:30:00,22.4,0.8,115.0,0.0,0.0 
 03/04  23:40:00,21.9,0.3,215.0,0.0,0.0 
 03/04  23:50:00,21.4,1.0,229.0,0.0,0.0 
 03/04  24:00:00,21.6,1.0,50.0,0.0,0.0 
 03/05  00:10:00,21.3,1.2,46.0,0.0,0.0 
 03/05  00:20:00,20.5,0.3,73.0,0.0,0.0 
 03/05  00:30:00,20.7,1.1,95.0,0.0,0.0 
 03/05  00:40:00,21.1,0.4,103.0,0.0,0.0 
 03/05  00:50:00,20.9,1.5,15.0,0.0,0.0 
 03/05  01:00:00,20.6,2.1,247.0,0.0,0.0 
 03/05  01:10:00,20.7,2.5,339.0,0.0,0.0 
 03/05  01:20:00,20.8,2.4,335.0,0.0,0.0 
 03/05  01:30:00,20.5,2.4,323.0,0.0,0.0 
 03/05  01:40:00,21.0,1.7,323.0,0.0,0.0 
 03/05  01:50:00,21.1,1.8,245.0,0.0,0.0 
 03/05  02:00:00,20.5,1.8,308.0,0.0,0.0 
 03/05  02:10:00,20.1,2.0,90.0,0.0,0.0 
 03/05  02:20:00,20.1,1.3,29.0,0.0,0.0 
 03/05  02:30:00,20.3,1.0,33.0,0.0,0.0 
 03/05  02:40:00,20.3,0.8,19.0,0.0,0.0 
 03/05  02:50:00,20.2,1.1,49.0,0.0,0.0 
 03/05  03:00:00,20.2,0.6,36.0,0.0,0.0 
 03/05  03:10:00,20.0,0.2,191.0,0.0,0.0 
 03/05  03:20:00,19.9,0.6,277.0,0.0,0.0 
 03/05  03:30:00,20.2,1.3,344.0,0.0,0.0 
 03/05  03:40:00,20.3,2.0,346.0,0.0,0.0 
 03/05  03:50:00,19.7,2.4,344.0,0.0,0.0 
 03/05  04:00:00,19.7,2.3,340.0,0.0,0.0 
 03/05  04:10:00,20.0,2.1,343.0,0.0,0.0 
 03/05  04:20:00,19.1,2.5,352.0,0.0,0.0 
 03/05  04:30:00,18.8,2.4,315.0,0.0,0.0 
 03/05  04:40:00,19.0,2.1,347.0,0.0,0.0 
 03/05  04:50:00,18.8,2.0,350.0,0.0,0.0 
 03/05  05:00:00,18.6,1.4,248.0,0.0,0.0 
 03/05  05:10:00,18.8,1.3,250.0,0.0,0.0 
 03/05  05:20:00,18.0,2.1,179.0,0.0,0.0 
 03/05  05:30:00,18.1,1.5,344.0,0.0,0.0 
 03/05  05:40:00,18.4,1.6,339.0,0.0,0.0 
 03/05  05:50:00,17.5,1.9,338.0,0.0,0.0 
 03/05  06:00:00,17.5,1.5,333.0,0.0,0.0 
 03/05  06:10:00,17.4,1.8,333.0,0.0,0.0 
 03/05  06:20:00,17.2,2.1,325.0,0.0,0.0 
 03/05  06:30:00,17.6,1.6,328.0,0.0,0.0 
 03/05  06:40:00,17.3,1.8,333.0,0.0,0.0 
 03/05  06:50:00,17.1,2.5,341.0,0.0,0.0 
 03/05  07:00:00,17.2,2.9,351.0,0.0,0.0 
 03/05  07:10:00,17.0,3.2,349.0,1.469,2.0694369043529046 
 03/05  07:20:00,17.0,2.8,344.0,8.77,11.53768032270202 
 03/05  07:30:00,17.0,2.8,280.0,18.63,32.06874719137959 
 03/05  07:40:00,17.2,2.8,144.0,28.32,60.48940286462344 
 03/05  07:50:00,17.3,2.0,340.0,36.75,93.48549130371714 
 03/05  08:00:00,17.7,1.8,342.0,44.6,128.11619083015765 
 03/05  08:10:00,18.4,1.1,179.0,51.56,164.19409259222317 
 03/05  08:20:00,19.7,0.2,208.0,57.67,203.98316079141136 
 03/05  08:30:00,21.3,0.0,237.0,62.81,244.1246084794136 
 03/05  08:40:00,21.5,0.0,275.0,67.77,286.14478329536894 
 03/05  08:50:00,22.5,0.0,127.0,72.16,329.3456342910332 
 03/05  09:00:00,23.4,0.2,106.0,75.95,373.0233097709263 
 03/05  09:10:00,23.6,0.7,116.0,79.89,414.94491131795286 
 03/05  09:20:00,24.3,0.9,145.0,83.0,456.7534713996063 
 03/05  09:30:00,24.6,1.2,155.0,86.6,495.5029614308112 
 03/05  09:40:00,24.5,1.8,167.0,89.0,542.8488809000204 
 03/05  09:50:00,24.3,1.5,121.0,90.5,583.8190180579234 
 03/05  10:00:00,24.8,1.6,81.0,92.1,613.6941895124435 
 03/05  10:10:00,24.7,1.4,170.0,94.8,639.8447295490588 
 03/05  10:20:00,25.8,1.4,171.0,98.1,665.3933103551154 
 03/05  10:30:00,24.5,2.1,153.0,100.1,688.395411299921 
 03/05  10:40:00,25.5,1.9,183.0,101.6,709.6092201219166 
 03/05  10:50:00,25.9,2.0,149.0,104.0,730.3957716322354 
 03/05  11:00:00,25.7,2.1,155.0,107.3,750.7189264219656 
 03/05  11:10:00,26.2,2.5,165.0,110.3,769.3451313813129 
 03/05  11:20:00,26.1,2.0,185.0,114.0,787.2437853993096 
 03/05  11:30:00,26.3,1.9,181.0,115.6,801.5872147726496 
 03/05  11:40:00,26.9,2.3,174.0,116.7,813.9505050484216 
 03/05  11:50:00,26.5,1.3,207.0,117.6,824.6117666949596 
 03/05  12:00:00,26.8,2.2,187.0,119.2,834.4520532432638 
 03/05  12:10:00,27.1,1.6,183.0,124.7,846.6553319733425 
 03/05  12:20:00,27.4,2.0,178.0,127.7,854.808683118932 
 03/05  12:30:00,27.5,2.3,221.0,134.7,865.4019108203395 
 03/05  12:40:00,27.9,2.0,236.0,141.1,873.8282704152987 
 03/05  12:50:00,28.2,1.3,148.0,146.7,879.8837787717555 
 03/05  13:00:00,29.2,1.4,82.0,152.5,884.5676352130095 
 03/05  13:10:00,28.5,2.5,96.0,154.1,883.481941262078 
 03/05  13:20:00,28.1,1.9,146.0,153.9,879.032079940441 
 03/05  13:30:00,28.7,1.7,144.0,155.0,874.3262118924073 
 03/05  13:40:00,29.1,2.3,144.0,155.8,867.7757933200312 
 03/05  13:50:00,30.0,1.0,98.0,155.0,858.0951311029785 
 03/05  14:00:00,29.1,1.5,156.0,153.5,846.2013437738208 
 03/05  14:10:00,30.1,2.4,203.0,152.5,833.3149658741771 
 03/05  14:20:00,29.9,1.9,204.0,150.3,817.7592040637239 
 03/05  14:30:00,30.3,1.5,150.0,148.8,801.4602249870336 
 03/05  14:40:00,30.7,2.0,161.0,148.0,784.4470069419492 
 03/05  14:50:00,30.4,2.1,170.0,143.9,762.7515378959528 
 03/05  15:00:00,30.4,2.7,155.0,140.5,740.4084950881336 
 03/05  15:10:00,31.4,0.9,156.0,137.4,717.055421934117 
 03/05  15:20:00,31.7,2.0,154.0,136.7,694.8325784967192 
 03/05  15:30:00,31.6,2.7,200.0,137.4,672.7832208774886 
 03/05  15:40:00,32.3,0.9,136.0,137.6,649.0531170724037 
 03/05  15:50:00,32.8,1.5,141.0,138.5,624.8910222375773 
 03/05  16:00:00,32.7,1.9,151.0,139.6,599.8485471706713 
 03/05  16:10:00,32.9,1.7,146.0,141.6,574.6804329260165 
 03/05  16:20:00,32.6,2.3,120.0,144.4,549.3443789608506 
 03/05  16:30:00,33.0,1.5,125.0,142.7,518.6021014845599 
 03/05  16:40:00,33.2,2.1,128.0,144.8,490.819129418064 
 03/05  16:50:00,33.1,2.1,114.0,153.5,468.8663575814889 
 03/05  17:00:00,33.2,1.8,121.0,165.6,442.76571211996986 
 03/05  17:10:00,33.3,2.0,154.0,176.3,423.46788966162774 
 03/05  17:20:00,32.9,1.9,169.0,188.8,398.90301410818313 
 03/05  17:30:00,32.9,2.8,200.0,192.5,373.9108328486133 
 03/05  17:40:00,32.0,2.6,195.0,166.2,317.5997166261019 
 03/05  17:50:00,32.0,1.7,154.0,129.6,233.12940648696184 
 03/05  18:00:00,31.7,2.6,146.0,101.1,162.22152006382166 
 03/05  18:10:00,31.0,2.2,168.0,73.9,102.61985114529651 
 03/05  18:20:00,31.2,1.5,182.0,63.14,92.91043614621566 
 03/05  18:30:00,31.1,1.8,174.0,53.85,63.09262565012375 
 03/05  18:40:00,30.2,2.3,184.0,0.0,0.0 
 03/05  18:50:00,30.0,2.0,155.0,0.0,0.0 
 03/05  19:00:00,29.7,1.3,165.0,0.0,0.0 
 03/05  19:10:00,29.4,1.1,188.0,0.0,0.0 
 03/05  19:20:00,29.1,0.4,178.0,0.0,0.0 
 03/05  19:30:00,28.9,0.2,195.0,0.0,0.0 
 03/05  19:40:00,28.7,0.0,213.0,0.0,0.0 
 03/05  19:50:00,28.2,0.0,285.0,0.0,0.0 
 03/05  20:00:00,27.8,0.8,320.0,0.0,0.0 
 03/05  20:10:00,27.2,1.9,326.0,0.0,0.0 
 03/05  20:20:00,27.2,2.2,349.0,0.0,0.0 
 03/05  20:30:00,25.8,2.9,349.0,0.0,0.0 
 03/05  20:40:00,25.7,2.6,314.0,0.0,0.0 
 03/05  20:50:00,25.6,2.1,249.0,0.0,0.0 
 03/05  21:00:00,25.2,2.2,247.0,0.0,0.0 
 03/05  21:10:00,24.9,2.0,313.0,0.0,0.0 
 03/05  21:20:00,24.9,1.7,55.0,0.0,0.0 
 03/05  21:30:00,24.9,1.3,146.0,0.0,0.0 
 03/05  21:40:00,24.6,1.4,217.0,0.0,0.0 
 03/05  21:50:00,24.6,1.3,178.0,0.0,0.0 
 03/05  22:00:00,24.5,0.8,248.0,0.0,0.0 
 03/05  22:10:00,24.0,1.4,119.0,0.0,0.0 
 03/05  22:20:00,23.8,1.3,212.0,0.0,0.0 
 03/05  22:30:00,23.9,0.3,266.0,0.0,0.0 
 03/05  22:40:00,23.9,1.2,283.0,0.0,0.0 
 03/05  22:50:00,23.8,0.5,272.0,0.0,0.0 
 03/05  23:00:00,23.5,0.0,236.0,0.0,0.0 
 03/05  23:10:00,23.2,1.0,81.0,0.0,0.0 
 03/05  23:20:00,23.3,0.9,162.0,0.0,0.0 
 03/05  23:30:00,23.3,0.7,155.0,0.0,0.0 
 03/05  23:40:00,22.8,0.4,226.0,0.0,0.0 
 03/05  23:50:00,22.9,0.3,246.0,0.0,0.0 
 03/05  24:00:00,22.8,1.2,208.0,0.0,0.0 
 03/06  00:10:00,22.7,1.7,130.0,0.0,0.0 
 03/06  00:20:00,22.7,0.5,120.0,0.0,0.0 
 03/06  00:30:00,22.8,0.2,103.0,0.0,0.0 
 03/06  00:40:00,22.6,0.5,132.0,0.0,0.0 
 03/06  00:50:00,22.6,0.0,187.0,0.0,0.0 
 03/06  01:00:00,22.7,0.0,29.0,0.0,0.0 
 03/06  01:10:00,22.4,1.0,181.0,0.0,0.0 
 03/06  01:20:00,22.1,1.7,213.0,0.0,0.0 
 03/06  01:30:00,21.2,2.2,273.0,0.0,0.0 
 03/06  01:40:00,21.1,2.1,331.0,0.0,0.0 
 03/06  01:50:00,21.4,2.3,336.0,0.0,0.0 
 03/06  02:00:00,21.3,2.3,337.0,0.0,0.0 
 03/06  02:10:00,20.8,2.3,343.0,0.0,0.0 
 03/06  02:20:00,20.3,2.5,338.0,0.0,0.0 
 03/06  02:30:00,19.7,2.4,331.0,0.0,0.0 
 03/06  02:40:00,20.5,2.2,338.0,0.0,0.0 
 03/06  02:50:00,20.3,2.2,338.0,0.0,0.0 
 03/06  03:00:00,19.8,2.0,329.0,0.0,0.0 
 03/06  03:10:00,19.7,1.9,331.0,0.0,0.0 
 03/06  03:20:00,19.7,2.1,336.0,0.0,0.0 
 03/06  03:30:00,19.5,2.3,350.0,0.0,0.0 
 03/06  03:40:00,19.3,2.1,354.0,0.0,0.0 
 03/06  03:50:00,19.2,1.7,276.0,0.0,0.0 
 03/06  04:00:00,19.1,1.5,333.0,0.0,0.0 
 03/06  04:10:00,18.9,1.9,332.0,0.0,0.0 
 03/06  04:20:00,19.4,1.8,334.0,0.0,0.0 
 03/06  04:30:00,19.0,2.0,334.0,0.0,0.0 
 03/06  04:40:00,18.7,2.0,338.0,0.0,0.0 
 03/06  04:50:00,18.9,2.0,346.0,0.0,0.0 
 03/06  05:00:00,18.6,2.2,349.0,0.0,0.0 
 03/06  05:10:00,18.4,2.3,41.0,0.0,0.0 
 03/06  05:20:00,18.7,2.3,22.0,0.0,0.0 
 03/06  05:30:00,18.9,1.8,23.0,0.0,0.0 
 03/06  05:40:00,19.0,1.6,14.0,0.0,0.0 
 03/06  05:50:00,19.1,1.5,144.0,0.0,0.0 
 03/06  06:00:00,19.1,1.7,345.0,0.0,0.0 
 03/06  06:10:00,19.4,2.0,351.0,0.0,0.0 
 03/06  06:20:00,19.0,2.1,353.0,0.0,0.0 
 03/06  06:30:00,18.4,2.1,41.0,0.0,0.0 
 03/06  06:40:00,18.3,2.1,251.0,0.0,0.0 
 03/06  06:50:00,18.5,2.0,350.0,0.0,0.0 
 03/06  07:00:00,18.2,1.8,249.0,0.0,0.0 
 03/06  07:10:00,18.2,2.1,313.0,1.756,1.9527336208631434 
 03/06  07:20:00,18.6,2.2,211.0,10.35,12.221028729600087 
 03/06  07:30:00,18.8,2.0,179.0,22.59,31.273018941462567 
 03/06  07:40:00,19.1,1.4,341.0,35.58,56.0952986337306 
 03/06  07:50:00,19.5,1.4,351.0,48.92,85.65367571774959 
 03/06  08:00:00,19.9,1.5,80.0,61.98,118.83054078454853 
 03/06  08:10:00,20.3,1.0,116.0,74.48,152.87999438484093 
 03/06  08:20:00,20.9,0.6,109.0,85.2,189.84476893751122 
 03/06  08:30:00,21.9,0.0,79.0,94.7,226.89052126456897 
 03/06  08:40:00,22.8,0.6,102.0,104.0,266.9387574404241 
 03/06  08:50:00,23.1,0.7,162.0,111.1,305.0673070102568 
 03/06  09:00:00,23.4,1.2,184.0,118.4,342.7747536727867 
 03/06  09:10:00,23.8,0.9,170.0,125.6,383.1881653431168 
 03/06  09:20:00,24.0,0.9,178.0,134.1,426.4994731938465 
 03/06  09:30:00,24.6,1.4,204.0,142.2,468.79648043307003 
 03/06  09:40:00,24.0,1.1,157.0,149.7,510.5857104602717 
 03/06  09:50:00,25.0,1.3,195.0,161.0,543.3006775856318 
 03/06  10:00:00,25.0,1.8,239.0,172.2,584.5593715836906 
 03/06  10:10:00,24.2,1.5,197.0,166.9,576.9601816031656 
 03/06  10:20:00,24.9,1.6,198.0,169.5,645.1824099652592 
 03/06  10:30:00,24.4,2.1,151.0,172.3,681.949844958865 
 03/06  10:40:00,25.9,1.8,168.0,175.1,707.6672817323449 
 03/06  10:50:00,26.1,1.5,182.0,176.9,739.2135873831253 
 03/06  11:00:00,26.5,1.6,116.0,176.6,769.1607003847001 
 03/06  11:10:00,26.8,1.1,140.0,176.0,797.3012350596515 
 03/06  11:20:00,27.7,1.2,95.0,175.7,823.4327395889329 
 03/06  11:30:00,27.7,1.3,134.0,175.5,845.4490867688187 
 03/06  11:40:00,26.8,1.0,187.0,177.7,860.4330977977047 
 03/06  11:50:00,27.7,2.0,175.0,177.9,884.7811322491771 
 03/06  12:00:00,27.1,1.9,176.0,174.8,889.9127252839667 
 03/06  12:10:00,29.1,1.0,178.0,171.4,893.208433029502 
 03/06  12:20:00,28.9,1.5,98.0,167.6,894.5552200055456 
 03/06  12:30:00,28.9,1.4,96.0,167.9,898.4431226370815 
 03/06  12:40:00,28.7,2.1,91.0,171.4,903.9652563544627 
 03/06  12:50:00,28.4,1.5,131.0,175.8,908.8174854330184 
 03/06  13:00:00,29.5,2.6,125.0,192.1,923.9992111531458 
 03/06  13:10:00,29.3,1.5,229.0,211.6,909.1036520990237 
 03/06  13:20:00,30.0,1.1,148.0,218.1,920.0919768008434 
 03/06  13:30:00,30.7,1.9,160.0,214.6,893.0003176181942 
 03/06  13:40:00,30.2,2.3,159.0,206.8,911.0575064782454 
 03/06  13:50:00,30.2,2.7,181.0,200.7,903.6316086648835 
 03/06  14:00:00,30.8,1.7,202.0,190.3,882.841937719342 
 03/06  14:10:00,29.7,2.0,207.0,172.9,853.560700421495 
 03/06  14:20:00,30.7,2.7,126.0,159.7,827.0110463470799 
 03/06  14:30:00,30.7,2.0,191.0,152.1,804.6190758053906 
 03/06  14:40:00,31.0,2.0,194.0,147.5,783.8140119263583 
 03/06  14:50:00,31.2,2.2,210.0,144.7,763.4275787398367 
 03/06  15:00:00,31.4,1.9,210.0,140.1,739.8946501112028 
 03/06  15:10:00,30.5,2.6,145.0,133.9,713.4526990429073 
 03/06  15:20:00,32.1,1.7,187.0,128.2,686.2421062304766 
 03/06  15:30:00,32.2,2.5,154.0,124.4,659.7059890195854 
 03/06  15:40:00,32.8,1.7,191.0,119.8,631.1902796485687 
 03/06  15:50:00,32.6,2.6,144.0,116.9,603.2436257775039 
 03/06  16:00:00,32.8,2.7,156.0,114.0,574.2178364601801 
 03/06  16:10:00,33.3,2.7,138.0,111.1,544.1675506890696 
 03/06  16:20:00,34.0,1.4,147.0,105.9,510.85074795812295 
 03/06  16:30:00,34.1,2.5,173.0,100.5,476.429100588565 
 03/06  16:40:00,33.7,2.6,133.0,95.5,441.56844640835465 
 03/06  16:50:00,33.9,1.9,105.0,91.3,406.73977611662053 
 03/06  17:00:00,34.2,1.7,192.0,86.2,370.32073781731435 
 03/06  17:10:00,33.8,2.1,232.0,81.4,333.59812910218307 
 03/06  17:20:00,34.1,1.3,204.0,75.76,295.5321093684438 
 03/06  17:30:00,34.8,0.3,126.0,69.7,256.66399147175684 
 03/06  17:40:00,34.4,1.2,137.0,64.25,218.1809257998895 
 03/06  17:50:00,34.5,0.6,131.0,58.67,179.5658374090777 
 03/06  18:00:00,34.0,1.2,139.0,52.81,141.02550224385203 
 03/06  18:10:00,34.0,0.8,193.0,45.11,102.55494680945802 
 03/06  18:20:00,32.9,1.8,163.0,37.02,67.16102135154566 
 03/06  18:30:00,32.0,1.5,115.0,28.11,37.48109087312863 
 03/06  18:40:00,31.5,0.9,109.0,0.0,0.0 
 03/06  18:50:00,30.4,0.7,136.0,0.0,0.0 
 03/06  19:00:00,29.9,0.6,166.0,0.0,0.0 
 03/06  19:10:00,29.6,0.0,86.0,0.0,0.0 
 03/06  19:20:00,29.0,0.3,83.0,0.0,0.0 
 03/06  19:30:00,28.6,0.2,24.0,0.0,0.0 
 03/06  19:40:00,28.0,1.2,176.0,0.0,0.0 
 03/06  19:50:00,27.1,2.2,344.0,0.0,0.0 
 03/06  20:00:00,26.8,2.5,343.0,0.0,0.0 
 03/06  20:10:00,26.4,2.4,344.0,0.0,0.0 
 03/06  20:20:00,25.9,2.2,247.0,0.0,0.0 
 03/06  20:30:00,25.8,1.2,330.0,0.0,0.0 
 03/06  20:40:00,25.9,2.2,249.0,0.0,0.0 
 03/06  20:50:00,25.3,1.8,317.0,0.0,0.0 
 03/06  21:00:00,25.1,2.2,109.0,0.0,0.0 
 03/06  21:10:00,24.8,2.1,336.0,0.0,0.0 
 03/06  21:20:00,25.0,1.4,274.0,0.0,0.0 
 03/06  21:30:00,25.0,1.0,331.0,0.0,0.0 
 03/06  21:40:00,24.5,1.3,339.0,0.0,0.0 
 03/06  21:50:00,24.6,1.6,336.0,0.0,0.0 
 03/06  22:00:00,23.8,1.9,247.0,0.0,0.0 
 03/06  22:10:00,23.8,1.2,307.0,0.0,0.0 
 03/06  22:20:00,23.6,1.2,98.0,0.0,0.0 
 03/06  22:30:00,23.8,0.8,157.0,0.0,0.0 
 03/06  22:40:00,24.4,0.7,29.0,0.0,0.0 
 03/06  22:50:00,24.6,1.9,38.0,0.0,0.0 
 03/06  23:00:00,24.8,1.4,138.0,0.0,0.0 
 03/06  23:10:00,24.2,1.1,326.0,0.0,0.0 
 03/06  23:20:00,23.9,0.9,312.0,0.0,0.0 
 03/06  23:30:00,23.6,1.1,329.0,0.0,0.0 
 03/06  23:40:00,23.2,1.1,107.0,0.0,0.0 
 03/06  23:50:00,22.9,0.8,112.0,0.0,0.0 
 03/06  24:00:00,22.5,0.3,49.0,0.0,0.0 
 03/07  00:10:00,22.5,0.8,53.0,0.0,0.0 
 03/07  00:20:00,22.9,1.1,35.0,0.0,0.0 
 03/07  00:30:00,23.3,1.3,36.0,0.0,0.0 
 03/07  00:40:00,23.3,1.3,38.0,0.0,0.0 
 03/07  00:50:00,23.5,1.6,26.0,0.0,0.0 
 03/07  01:00:00,23.3,0.9,11.0,0.0,0.0 
 03/07  01:10:00,23.1,0.7,42.0,0.0,0.0 
 03/07  01:20:00,23.0,1.7,61.0,0.0,0.0 
 03/07  01:30:00,22.8,0.7,340.0,0.0,0.0 
 03/07  01:40:00,22.8,1.1,22.0,0.0,0.0 
 03/07  01:50:00,22.9,1.1,212.0,0.0,0.0 
 03/07  02:00:00,22.5,1.0,340.0,0.0,0.0 
 03/07  02:10:00,22.6,1.6,312.0,0.0,0.0 
 03/07  02:20:00,22.9,2.0,338.0,0.0,0.0 
 03/07  02:30:00,22.5,2.1,345.0,0.0,0.0 
 03/07  02:40:00,21.6,2.3,346.0,0.0,0.0 
 03/07  02:50:00,21.6,2.0,343.0,0.0,0.0 
 03/07  03:00:00,21.5,2.0,341.0,0.0,0.0 
 03/07  03:10:00,21.6,1.8,279.0,0.0,0.0 
 03/07  03:20:00,21.4,1.6,114.0,0.0,0.0 
 03/07  03:30:00,20.7,1.4,343.0,0.0,0.0 
 03/07  03:40:00,20.4,2.3,338.0,0.0,0.0 
 03/07  03:50:00,20.9,2.9,331.0,0.0,0.0 
 03/07  04:00:00,21.0,2.4,118.0,0.0,0.0 
 03/07  04:10:00,20.9,1.1,29.0,0.0,0.0 
 03/07  04:20:00,20.8,1.5,34.0,0.0,0.0 
 03/07  04:30:00,20.7,1.2,126.0,0.0,0.0 
 03/07  04:40:00,21.0,0.8,124.0,0.0,0.0 
 03/07  04:50:00,20.9,0.9,88.0,0.0,0.0 
 03/07  05:00:00,20.6,0.4,191.0,0.0,0.0 
 03/07  05:10:00,20.5,0.8,204.0,0.0,0.0 
 03/07  05:20:00,20.8,1.1,243.0,0.0,0.0 
 03/07  05:30:00,20.6,1.7,312.0,0.0,0.0 
 03/07  05:40:00,20.3,1.9,343.0,0.0,0.0 
 03/07  05:50:00,20.4,2.0,345.0,0.0,0.0 
 03/07  06:00:00,19.8,2.2,347.0,0.0,0.0 
 03/07  06:10:00,20.0,2.2,146.0,0.0,0.0 
 03/07  06:20:00,19.7,2.2,316.0,0.0,0.0 
 03/07  06:30:00,19.4,2.6,319.0,0.0,0.0 
 03/07  06:40:00,18.8,2.4,303.0,0.0,0.0 
 03/07  06:50:00,19.1,0.4,180.0,0.0,0.0 
 03/07  07:00:00,19.5,0.3,319.0,0.0,0.0 
 03/07  07:10:00,19.2,1.4,111.0,2.747,3.040343721330063 
 03/07  07:20:00,19.3,1.1,333.0,14.35,16.97183316759974 
 03/07  07:30:00,19.3,1.2,306.0,32.94,43.06503926324839 
 03/07  07:40:00,19.8,0.8,332.0,52.16,75.37894366128748 
 03/07  07:50:00,19.6,1.4,320.0,65.52,105.31250513356453 
 03/07  08:00:00,19.8,1.5,302.0,79.5,135.9149098447021 
 03/07  08:10:00,20.2,0.9,289.0,82.2,146.4146438375032 
 03/07  08:20:00,20.9,1.2,280.0,92.5,199.4213934214075 
 03/07  08:30:00,21.5,1.5,259.0,115.2,248.52375326368872 
 03/07  08:40:00,22.3,1.5,237.0,127.5,292.82643772058793 
 03/07  08:50:00,22.5,2.0,230.0,167.5,371.6295938001116 
 03/07  09:00:00,22.9,2.2,222.0,202.4,408.12718532557255 
 03/07  09:10:00,22.6,2.8,205.0,206.9,270.60770033040757 
 03/07  09:20:00,23.1,2.5,211.0,209.2,310.1112378606998 
 03/07  09:30:00,23.2,2.9,223.0,211.5,329.4121178877288 
 03/07  09:40:00,23.5,2.7,188.0,247.1,506.62474275768295 
 03/07  09:50:00,24.0,2.3,179.0,307.9,583.0243513916771 
 03/07  10:00:00,24.2,3.0,177.0,279.2,588.0254432286458 
 03/07  10:10:00,24.5,3.1,160.0,201.7,639.3336481269544 
 03/07  10:20:00,24.9,2.9,176.0,183.6,641.9328225310854 
 03/07  10:30:00,25.6,2.3,201.0,187.6,673.1324407679987 
 03/07  10:40:00,25.1,3.3,173.0,196.6,702.2315485743411 
 03/07  10:50:00,25.3,2.5,188.0,204.5,729.0305700452603 
 03/07  11:00:00,25.5,3.2,175.0,211.0,762.9300078041961 
 03/07  11:10:00,25.7,3.6,221.0,214.1,784.1288680105135 
 03/07  11:20:00,26.3,2.1,185.0,215.6,802.0276369224144 
 03/07  11:30:00,26.2,2.9,145.0,216.6,826.0266703735197 
 03/07  11:40:00,27.1,1.9,183.0,218.7,842.0252737377148 
 03/07  11:50:00,27.2,2.4,201.0,221.5,861.0238802750551 
 03/07  12:00:00,27.4,1.3,177.0,221.7,878.0225583821277 
 03/07  12:10:00,28.5,1.6,191.0,220.9,895.0212286979669 
 03/07  12:20:00,28.0,2.3,154.0,219.2,911.0198492335833 
 03/07  12:30:00,28.4,0.8,122.0,218.6,916.0181281650055 
 03/07  12:40:00,28.2,1.2,138.0,220.3,925.0163383231966 
 03/07  12:50:00,30.2,1.3,96.0,223.5,925.0144600646812 
 03/07  13:00:00,30.2,1.2,90.0,230.7,912.0122444859594 
 03/07  13:10:00,29.5,1.4,87.0,232.4,915.010476635485 
 03/07  13:20:00,28.9,1.7,121.0,233.9,911.0086604310845 
 03/07  13:30:00,29.8,1.7,123.0,231.1,903.0067645858852 
 03/07  13:40:00,30.2,2.1,178.0,232.9,899.0050504982935 
 03/07  13:50:00,30.5,1.8,216.0,236.3,891.0031806044751 
 03/07  14:00:00,31.3,1.7,227.0,239.1,885.0014032273841 
 03/07  14:10:00,30.5,1.9,199.0,247.5,881.9996779875779 
 03/07  14:20:00,30.3,2.7,198.0,273.7,851.9980907392467 
 03/07  14:30:00,30.4,3.0,233.0,255.2,532.8983245560678 
 03/07  14:40:00,29.7,2.2,185.0,237.1,403.8984755344628 
 03/07  14:50:00,29.8,1.8,173.0,207.1,246.19955743201686 
 03/07  15:00:00,29.3,2.8,165.0,216.6,247.59950938788327 
 03/07  15:10:00,29.4,0.9,273.0,188.8,215.89950461050077 
 03/07  15:20:00,29.3,1.5,268.0,165.5,190.9994625467383 
 03/07  15:30:00,29.0,1.6,286.0,144.6,168.79938394427967 
 03/07  15:40:00,28.7,2.7,251.0,166.6,195.3991275142151 
 03/07  15:50:00,28.1,3.6,109.0,276.9,345.69765901736156 
 03/07  16:00:00,28.5,3.2,17.0,269.6,314.8982381095473 
 03/07  16:10:00,28.4,2.8,28.0,257.9,305.2978924735125 
 03/07  16:20:00,28.6,2.1,25.0,228.8,265.7981474068883 
 03/07  16:30:00,29.6,1.5,51.0,280.8,424.79194265900855 
 03/07  16:40:00,30.5,2.1,16.0,242.4,442.087345190443 
 03/07  16:50:00,29.6,3.2,42.0,127.1,180.89612443069726 
 03/07  17:00:00,28.3,3.5,240.0,85.7,99.99883919196765 
 03/07  17:10:00,28.2,2.8,147.0,70.68,83.09883652695785 
 03/07  17:20:00,28.2,1.8,211.0,64.25,76.71866837872035 
 03/07  17:30:00,28.3,2.0,24.0,43.25,51.708921916775495 
 03/07  17:40:00,28.4,1.6,28.0,28.71,34.3591542469616 
 03/07  17:50:00,28.5,1.7,179.0,21.52,26.219130768267256 
 03/07  18:00:00,27.7,4.2,114.0,26.25,31.408791993818205 
 03/07  18:10:00,26.7,5.1,81.0,58.91,79.06367172816194 
 03/07  18:20:00,26.1,5.1,110.0,74.36,90.2924491929413 
 03/07  18:30:00,25.7,4.7,78.0,49.67,59.168705193584174 
 03/07  18:40:00,25.7,4.1,76.0,30.89,30.89 
 03/07  18:50:00,25.4,4.5,113.0,0.0,0.0 
 03/07  19:00:00,25.0,4.2,75.0,0.0,0.0 
 03/07  19:10:00,25.1,4.3,14.0,0.0,0.0 
 03/07  19:20:00,24.5,4.9,46.0,0.0,0.0 
 03/07  19:30:00,24.8,3.9,80.0,0.0,0.0 
 03/07  19:40:00,24.8,2.5,102.0,0.0,0.0 
 03/07  19:50:00,24.9,3.9,69.0,0.0,0.0 
 03/07  20:00:00,24.9,2.6,59.0,0.0,0.0 
 03/07  20:10:00,24.8,1.4,92.0,0.0,0.0 
 03/07  20:20:00,24.6,1.4,116.0,0.0,0.0 
 03/07  20:30:00,24.5,1.3,81.0,0.0,0.0 
 03/07  20:40:00,24.3,0.4,239.0,0.0,0.0 
 03/07  20:50:00,24.0,0.3,240.0,0.0,0.0 
 03/07  21:00:00,24.1,0.4,212.0,0.0,0.0 
 03/07  21:10:00,24.1,1.7,228.0,0.0,0.0 
 03/07  21:20:00,24.0,1.6,200.0,0.0,0.0 
 03/07  21:30:00,23.7,0.5,224.0,0.0,0.0 
 03/07  21:40:00,23.4,2.3,222.0,0.0,0.0 
 03/07  21:50:00,23.2,2.7,219.0,0.0,0.0 
 03/07  22:00:00,23.0,2.4,218.0,0.0,0.0 
 03/07  22:10:00,22.9,1.9,188.0,0.0,0.0 
 03/07  22:20:00,22.8,1.4,156.0,0.0,0.0 
 03/07  22:30:00,22.6,2.4,113.0,0.0,0.0 
 03/07  22:40:00,22.4,1.6,105.0,0.0,0.0 
 03/07  22:50:00,22.2,1.0,112.0,0.0,0.0 
 03/07  23:00:00,22.2,1.5,115.0,0.0,0.0 
 03/07  23:10:00,22.2,1.2,130.0,0.0,0.0 
 03/07  23:20:00,22.1,1.8,141.0,0.0,0.0 
 03/07  23:30:00,21.9,1.9,169.0,0.0,0.0 
 03/07  23:40:00,22.0,1.9,174.0,0.0,0.0 
 03/07  23:50:00,21.8,2.3,163.0,0.0,0.0 
 03/07  24:00:00,21.8,2.4,147.0,0.0,0.0 
 03/08  00:10:00,21.7,1.6,138.0,0.0,0.0 
 03/08  00:20:00,21.5,1.6,139.0,0.0,0.0 
 03/08  00:30:00,21.2,0.9,149.0,0.0,0.0 
 03/08  00:40:00,21.1,1.4,146.0,0.0,0.0 
 03/08  00:50:00,21.0,0.5,178.0,0.0,0.0 
 03/08  01:00:00,20.8,0.0,166.0,0.0,0.0 
 03/08  01:10:00,20.6,0.0,240.0,0.0,0.0 
 03/08  01:20:00,20.3,0.0,345.0,0.0,0.0 
 03/08  01:30:00,19.6,1.7,318.0,0.0,0.0 
 03/08  01:40:00,19.3,1.4,288.0,0.0,0.0 
 03/08  01:50:00,19.6,1.1,302.0,0.0,0.0 
 03/08  02:00:00,19.8,1.2,292.0,0.0,0.0 
 03/08  02:10:00,19.3,2.1,281.0,0.0,0.0 
 03/08  02:20:00,19.5,2.5,284.0,0.0,0.0 
 03/08  02:30:00,19.7,2.3,284.0,0.0,0.0 
 03/08  02:40:00,19.5,2.5,289.0,0.0,0.0 
 03/08  02:50:00,19.4,2.4,294.0,0.0,0.0 
 03/08  03:00:00,19.2,2.2,300.0,0.0,0.0 
 03/08  03:10:00,19.1,1.9,314.0,0.0,0.0 
 03/08  03:20:00,18.8,2.2,338.0,0.0,0.0 
 03/08  03:30:00,18.4,2.3,337.0,0.0,0.0 
 03/08  03:40:00,18.5,2.1,325.0,0.0,0.0 
 03/08  03:50:00,18.5,2.0,311.0,0.0,0.0 
 03/08  04:00:00,18.7,1.6,311.0,0.0,0.0 
 03/08  04:10:00,18.8,1.3,302.0,0.0,0.0 
 03/08  04:20:00,18.6,1.2,308.0,0.0,0.0 
 03/08  04:30:00,18.3,1.3,309.0,0.0,0.0 
 03/08  04:40:00,18.2,1.2,289.0,0.0,0.0 
 03/08  04:50:00,18.1,1.2,263.0,0.0,0.0 
 03/08  05:00:00,18.2,0.8,330.0,0.0,0.0 
 03/08  05:10:00,18.0,1.5,337.0,0.0,0.0 
 03/08  05:20:00,17.9,2.0,322.0,0.0,0.0 
 03/08  05:30:00,18.0,2.2,341.0,0.0,0.0 
 03/08  05:40:00,17.7,2.3,348.0,0.0,0.0 
 03/08  05:50:00,17.0,2.3,316.0,0.0,0.0 
 03/08  06:00:00,17.0,2.4,349.0,0.0,0.0 
 03/08  06:10:00,16.9,2.2,337.0,0.0,0.0 
 03/08  06:20:00,16.9,3.1,334.0,0.0,0.0 
 03/08  06:30:00,16.9,3.1,335.0,0.0,0.0 
 03/08  06:40:00,16.9,2.9,340.0,0.0,0.0 
 03/08  06:50:00,16.8,2.4,341.0,0.0,0.0 
 03/08  07:00:00,16.8,2.4,343.0,0.0,0.03426640040289079 
 03/08  07:10:00,16.5,2.6,340.0,2.338,2.9250393811589865 
 03/08  07:20:00,16.5,2.5,343.0,10.8,13.640453210948397 
 03/08  07:30:00,16.6,2.5,343.0,22.83,33.10778979744213 
 03/08  07:40:00,16.8,2.4,342.0,35.11,60.235947922083334 
 03/08  07:50:00,17.2,2.3,344.0,46.8,91.35141868306924 
 03/08  08:00:00,17.5,1.8,337.0,57.46,125.75254575510769 
 03/08  08:10:00,18.0,1.3,319.0,67.17,162.17042590681723 
 03/08  08:20:00,18.7,1.4,335.0,76.1,201.1942756826527 
 03/08  08:30:00,19.5,0.9,295.0,83.9,240.14166776789966 
 03/08  08:40:00,20.2,0.7,266.0,91.1,279.00975081046437 
 03/08  08:50:00,20.4,1.6,251.0,98.3,321.4704997410831 
 03/08  09:00:00,21.1,0.9,228.0,104.4,361.2599328065186 
 03/08  09:10:00,21.4,1.1,157.0,110.1,403.9411187454614 
 03/08  09:20:00,22.0,1.4,154.0,115.9,443.95111978015484 
 03/08  09:30:00,22.5,1.3,218.0,121.5,480.487513785599 
 03/08  09:40:00,22.1,2.3,166.0,125.7,519.1099271492081 
 03/08  09:50:00,22.3,1.7,149.0,130.2,555.8488860689608 
 03/08  10:00:00,23.1,1.6,200.0,133.0,597.3599804220567 
 03/08  10:10:00,23.0,1.6,213.0,137.5,622.9580157897815 
 03/08  10:20:00,22.7,2.4,232.0,140.2,661.5883053642076 
 03/08  10:30:00,22.2,1.9,185.0,143.9,698.234453133511 
 03/08  10:40:00,23.5,2.5,175.0,147.2,728.4073343628677 
 03/08  10:50:00,24.3,1.9,178.0,148.1,763.5505853995123 
 03/08  11:00:00,24.7,2.1,149.0,149.2,791.5236331356916 
 03/08  11:10:00,25.1,1.6,156.0,149.2,807.9743141169179 
 03/08  11:20:00,25.8,1.9,125.0,150.2,823.1323627928675 
 03/08  11:30:00,26.2,1.8,104.0,151.8,837.4388839486901 
 03/08  11:40:00,26.4,1.9,147.0,153.0,849.8688594023375 
 03/08  11:50:00,26.4,2.4,97.0,158.7,865.300307830327 
 03/08  12:00:00,25.9,2.1,130.0,168.1,882.914216244016 
 03/08  12:10:00,26.0,1.8,201.0,176.5,897.9945218389968 
 03/08  12:20:00,26.2,3.2,243.0,193.4,920.0282296968104 
 03/08  12:30:00,26.0,1.9,115.0,266.1,993.7307349122501 
 03/08  12:40:00,27.3,1.5,179.0,306.2,817.4315727320788 
 03/08  12:50:00,27.9,1.6,175.0,288.0,894.1679977331157 
 03/08  13:00:00,28.3,1.8,220.0,280.6,937.0429587912619 
 03/08  13:10:00,27.8,2.5,182.0,212.5,941.3524536673214 
 03/08  13:20:00,28.8,0.9,168.0,233.1,957.7022736543752 
 03/08  13:30:00,29.6,1.9,121.0,254.8,973.5993182073769 
 03/08  13:40:00,29.0,2.5,84.0,242.0,953.454905583063 
 03/08  13:50:00,29.3,2.2,157.0,230.6,933.1831814334441 
 03/08  14:00:00,28.7,1.6,178.0,239.1,931.3015141604824 
 03/08  14:10:00,30.1,1.7,168.0,246.4,876.2246604659529 
 03/08  14:20:00,29.3,1.3,102.0,262.0,928.9927537680065 
 03/08  14:30:00,30.8,1.8,144.0,254.7,886.2228894167595 
 03/08  14:40:00,30.1,2.7,116.0,242.2,869.2321281457077 
 03/08  14:50:00,30.6,2.1,106.0,271.6,890.0577393937036 
 03/08  15:00:00,31.0,2.1,165.0,295.0,894.5449647920451 
 03/08  15:10:00,31.0,2.2,164.0,309.4,819.5345986206728 
 03/08  15:20:00,30.8,2.1,175.0,329.2,767.8258928725794 
 03/08  15:30:00,31.3,2.0,161.0,260.0,766.0095763255345 
 03/08  15:40:00,31.3,2.0,139.0,274.2,757.0532814714392 
 03/08  15:50:00,31.7,1.5,196.0,318.9,728.6469861170979 
 03/08  16:00:00,31.7,1.8,127.0,290.7,708.7899853231513 
 03/08  16:10:00,31.9,2.3,111.0,236.8,637.0096177327673 
 03/08  16:20:00,31.7,1.1,98.0,232.7,408.31450262983725 
 03/08  16:30:00,31.1,1.6,131.0,198.2,453.51486910341237 
 03/08  16:40:00,32.2,1.5,106.0,188.0,487.51334781189206 
 03/08  16:50:00,32.5,1.9,80.0,214.3,492.03756499563696 
 03/08  17:00:00,31.2,2.0,123.0,204.6,459.0645034928662 
 03/08  17:10:00,31.2,1.7,115.0,179.2,369.96534030202804 
 03/08  17:20:00,32.5,1.1,134.0,172.7,373.14467630926407 
 03/08  17:30:00,32.5,1.9,124.0,165.4,342.66442277409715 
 03/08  17:40:00,32.5,1.3,88.0,157.1,299.8476888802875 
 03/08  17:50:00,31.7,1.1,91.0,116.5,221.37090741383668 
 03/08  18:00:00,30.9,1.3,89.0,89.6,153.95698141237744 
 03/08  18:10:00,30.8,0.7,120.0,72.96,130.9221256367805 
 03/08  18:20:00,30.6,1.0,96.0,56.52,87.39220488940074 
 03/08  18:30:00,30.0,1.1,63.0,36.8,46.42545176193495 
 03/08  18:40:00,29.3,0.3,78.0,20.47,20.47 
 03/08  18:50:00,29.2,0.0,68.0,0.0,0.0 
 03/08  19:00:00,29.0,0.1,68.0,0.0,0.0 
 03/08  19:10:00,28.8,0.4,89.0,0.0,0.0 
 03/08  19:20:00,28.4,0.9,14.0,0.0,0.0 
 03/08  19:30:00,28.0,1.3,251.0,0.0,0.0 
 03/08  19:40:00,27.8,1.3,339.0,0.0,0.0 
 03/08  19:50:00,27.8,1.6,343.0,0.0,0.0 
 03/08  20:00:00,27.1,2.5,343.0,0.0,0.0 
 03/08  20:10:00,26.5,2.2,342.0,0.0,0.0 
 03/08  20:20:00,26.2,1.9,300.0,0.0,0.0 
 03/08  20:30:00,26.0,1.0,279.0,0.0,0.0 
 03/08  20:40:00,26.2,0.0,328.0,0.0,0.0 
 03/08  20:50:00,26.2,1.2,296.0,0.0,0.0 
 03/08  21:00:00,26.1,0.6,75.0,0.0,0.0 
 03/08  21:10:00,26.1,0.0,204.0,0.0,0.0 
 03/08  21:20:00,26.0,0.3,293.0,0.0,0.0 
 03/08  21:30:00,26.0,0.6,316.0,0.0,0.0 
 03/08  21:40:00,26.0,0.4,315.0,0.0,0.0 
 03/08  21:50:00,25.7,1.1,232.0,0.0,0.0 
 03/08  22:00:00,25.2,0.8,181.0,0.0,0.0 
 03/08  22:10:00,25.2,0.0,71.0,0.0,0.0 
 03/08  22:20:00,25.1,0.0,13.0,0.0,0.0 
 03/08  22:30:00,24.5,1.2,245.0,0.0,0.0 
 03/08  22:40:00,24.1,1.9,347.0,0.0,0.0 
 03/08  22:50:00,24.2,2.0,355.0,0.0,0.0 
 03/08  23:00:00,24.1,1.5,346.0,0.0,0.0 
 03/08  23:10:00,23.9,1.9,218.0,0.0,0.0 
 03/08  23:20:00,24.0,1.8,100.0,0.0,0.0 
 03/08  23:30:00,24.1,0.4,214.0,0.0,0.0 
 03/08  23:40:00,23.9,0.6,154.0,0.0,0.0 
 03/08  23:50:00,24.0,0.3,346.0,0.0,0.0 
 03/08  24:00:00,23.5,1.1,184.0,0.0,0.0 
 03/09  00:10:00,23.5,1.1,112.0,0.0,0.0 
 03/09  00:20:00,23.4,0.4,72.0,0.0,0.0 
 03/09  00:30:00,23.0,0.0,49.0,0.0,0.0 
 03/09  00:40:00,23.0,1.0,49.0,0.0,0.0 
 03/09  00:50:00,22.8,0.9,42.0,0.0,0.0 
 03/09  01:00:00,23.1,1.0,36.0,0.0,0.0 
 03/09  01:10:00,23.2,1.0,35.0,0.0,0.0 
 03/09  01:20:00,23.2,0.3,113.0,0.0,0.0 
 03/09  01:30:00,23.0,1.5,16.0,0.0,0.0 
 03/09  01:40:00,22.7,1.4,17.0,0.0,0.0 
 03/09  01:50:00,22.9,0.8,9.0,0.0,0.0 
 03/09  02:00:00,22.8,1.4,45.0,0.0,0.0 
 03/09  02:10:00,22.8,1.5,15.0,0.0,0.0 
 03/09  02:20:00,22.9,1.4,79.0,0.0,0.0 
 03/09  02:30:00,22.9,1.4,113.0,0.0,0.0 
 03/09  02:40:00,22.8,1.1,216.0,0.0,0.0 
 03/09  02:50:00,22.6,1.0,218.0,0.0,0.0 
 03/09  03:00:00,22.2,0.4,239.0,0.0,0.0 
 03/09  03:10:00,22.2,1.0,253.0,0.0,0.0 
 03/09  03:20:00,22.2,0.9,233.0,0.0,0.0 
 03/09  03:30:00,22.1,1.3,228.0,0.0,0.0 
 03/09  03:40:00,21.9,0.3,123.0,0.0,0.0 
 03/09  03:50:00,21.7,0.1,94.0,0.0,0.0 
 03/09  04:00:00,21.4,0.0,80.0,0.0,0.0 
 03/09  04:10:00,21.0,0.6,76.0,0.0,0.0 
 03/09  04:20:00,20.5,1.3,39.0,0.0,0.0 
 03/09  04:30:00,20.6,1.0,343.0,0.0,0.0 
 03/09  04:40:00,20.3,2.1,279.0,0.0,0.0 
 03/09  04:50:00,20.0,2.4,311.0,0.0,0.0 
 03/09  05:00:00,20.1,2.0,328.0,0.0,0.0 
 03/09  05:10:00,20.8,1.8,336.0,0.0,0.0 
 03/09  05:20:00,20.5,1.4,306.0,0.0,0.0 
 03/09  05:30:00,20.5,1.0,317.0,0.0,0.0 
 03/09  05:40:00,19.9,1.2,279.0,0.0,0.0 
 03/09  05:50:00,19.6,1.5,45.0,0.0,0.0 
 03/09  06:00:00,19.3,1.7,147.0,0.0,0.0 
 03/09  06:10:00,19.3,1.8,277.0,0.0,0.0 
 03/09  06:20:00,19.6,1.3,100.0,0.0,0.0 
 03/09  06:30:00,19.7,0.3,27.0,0.0,0.0 
 03/09  06:40:00,19.7,0.5,81.0,0.0,0.0 
 03/09  06:50:00,19.6,0.6,212.0,0.0,0.0 
 03/09  07:00:00,19.0,1.4,282.0,0.0,0.0 
 03/09  07:10:00,19.1,2.0,347.0,2.5,2.5 
 03/09  07:20:00,18.9,2.5,346.0,10.56,13.266661200227077 
 03/09  07:30:00,18.8,2.6,353.0,22.04,32.72959012051504 
 03/09  07:40:00,18.7,2.1,283.0,34.03,58.5794151222767 
 03/09  07:50:00,18.7,1.7,146.0,45.49,88.52891616567 
 03/09  08:00:00,19.1,1.6,17.0,56.44,123.02460580060689 
 03/09  08:10:00,20.0,0.9,32.0,66.41,159.84764724974764 
 03/09  08:20:00,20.8,0.6,37.0,75.21,198.39474639606044 
 03/09  08:30:00,22.1,0.2,85.0,82.4,236.6840659954646 
 03/09  08:40:00,22.8,0.6,108.0,88.7,278.74961373747766 
 03/09  08:50:00,23.7,0.1,152.0,93.9,320.1582093816246 
 03/09  09:00:00,24.0,0.6,160.0,98.0,358.43308547714673 
 03/09  09:10:00,24.2,1.2,138.0,101.8,405.3200028487433 
 03/09  09:20:00,24.6,1.0,131.0,105.3,450.8539225505982 
 03/09  09:30:00,25.0,0.9,146.0,108.7,488.9964699993319 
 03/09  09:40:00,25.3,1.4,147.0,113.4,525.2852768460898 
 03/09  09:50:00,25.0,1.9,160.0,117.9,566.5282136015992 
 03/09  10:00:00,26.0,0.7,171.0,121.9,602.329567008252 
 03/09  10:10:00,25.9,1.6,184.0,124.9,638.1260111199724 
 03/09  10:20:00,26.7,0.5,156.0,126.1,671.9283585068378 
 03/09  10:30:00,25.6,2.4,123.0,129.2,707.534903765023 
 03/09  10:40:00,26.1,1.2,160.0,131.4,738.7726194694003 
 03/09  10:50:00,26.8,1.5,170.0,133.6,759.7463988265959 
 03/09  11:00:00,26.7,1.5,154.0,134.5,777.6048884575986 
 03/09  11:10:00,26.3,1.3,109.0,135.2,793.8717042809269 
 03/09  11:20:00,26.9,1.8,148.0,136.8,809.616032087026 
 03/09  11:30:00,27.5,1.7,172.0,137.6,823.1100915185766 
 03/09  11:40:00,27.6,1.5,230.0,139.0,835.7288298922655 
 03/09  11:50:00,26.7,1.8,132.0,139.7,846.1502059452203 
 03/09  12:00:00,27.0,2.1,110.0,139.4,854.0552132182623 
 03/09  12:10:00,28.0,1.8,93.0,140.3,861.627689175393 
 03/09  12:20:00,28.6,2.1,114.0,141.2,867.6547025014618 
 03/09  12:30:00,27.2,1.6,147.0,142.7,872.7261758586535 
 03/09  12:40:00,29.1,2.2,94.0,144.5,876.5349828098335 
 03/09  12:50:00,29.5,1.5,130.0,145.0,877.4773508262008 
 03/09  13:00:00,28.6,1.7,167.0,146.6,877.9523786088905 
 03/09  13:10:00,29.5,2.9,141.0,152.4,881.0620302786558 
 03/09  13:20:00,29.8,1.9,172.0,159.2,883.611788596955 
 03/09  13:30:00,29.3,2.5,101.0,175.7,894.3096973312595 
 03/09  13:40:00,29.9,2.7,53.0,194.9,906.1671519705889 
 03/09  13:50:00,29.6,1.5,128.0,243.2,945.5983642727033 
 03/09  14:00:00,29.9,1.3,128.0,329.3,838.1448728879462 
 03/09  14:10:00,31.0,1.9,157.0,337.2,946.5950815039901 
 03/09  14:20:00,31.6,3.2,210.0,326.6,971.4063654996157 
 03/09  14:30:00,30.9,3.4,200.0,269.9,921.9521536575306 
 03/09  14:40:00,30.0,2.6,177.0,241.5,869.4985425881217 
 03/09  14:50:00,30.9,3.1,222.0,241.2,859.5120152252803 
 03/09  15:00:00,30.9,2.3,232.0,212.6,812.0092761419925 
 03/09  15:10:00,30.6,3.6,161.0,215.8,770.4565526536649 
 03/09  15:20:00,31.5,1.9,192.0,241.2,774.7448034844354 
 03/09  15:30:00,31.8,2.5,193.0,243.8,569.4108138109066 
 03/09  15:40:00,32.0,2.0,168.0,194.8,705.9567426539186 
 03/09  15:50:00,31.4,3.6,176.0,177.8,342.3105356539254 
 03/09  16:00:00,31.3,2.6,195.0,187.5,569.8455918281971 
 03/09  16:10:00,32.0,0.9,268.0,181.7,444.63513882779233 
 03/09  16:20:00,31.4,2.6,197.0,180.4,415.06468760089325 
 03/09  16:30:00,30.9,1.5,223.0,152.0,320.2561578705046 
 03/09  16:40:00,31.9,1.4,174.0,150.5,331.6123695867628 
 03/09  16:50:00,31.6,3.3,173.0,152.3,365.00654653970986 
 03/09  17:00:00,31.9,3.2,180.0,131.7,403.83269175935493 
 03/09  17:10:00,32.2,3.5,179.0,120.0,369.46509287184523 
 03/09  17:20:00,32.2,2.9,213.0,108.4,327.3598728694151 
 03/09  17:30:00,31.8,3.2,196.0,95.7,273.2687824972574 
 03/09  17:40:00,31.9,3.4,195.0,88.7,243.27328490574956 
 03/09  17:50:00,31.6,3.5,180.0,81.2,202.86852594306822 
 03/09  18:00:00,31.8,2.4,177.0,72.77,161.90497652571298 
 03/09  18:10:00,31.4,3.7,204.0,62.46,120.67320697744395 
 03/09  18:20:00,30.8,3.4,196.0,47.66,71.46164007139001 
 03/09  18:30:00,30.5,3.1,194.0,35.43,45.181330578180976 
 03/09  18:40:00,30.3,3.5,192.0,24.59,24.590000000160526 
 03/09  18:50:00,29.8,3.5,184.0,0.0,0.0 
 03/09  19:00:00,29.5,3.4,183.0,0.0,0.0 
 03/09  19:10:00,29.1,3.5,197.0,0.0,0.0 
 03/09  19:20:00,29.0,4.2,206.0,0.0,0.0 
 03/09  19:30:00,28.8,3.7,215.0,0.0,0.0 
 03/09  19:40:00,28.6,4.1,229.0,0.0,0.0 
 03/09  19:50:00,28.4,4.3,238.0,0.0,0.0 
 03/09  20:00:00,28.2,4.7,238.0,0.0,0.0 
 03/09  20:10:00,28.0,4.0,245.0,0.0,0.0 
 03/09  20:20:00,27.8,3.6,254.0,0.0,0.0 
 03/09  20:30:00,27.6,2.8,259.0,0.0,0.0 
 03/09  20:40:00,27.4,2.5,285.0,0.0,0.0 
 03/09  20:50:00,27.1,1.5,212.0,0.0,0.0 
 03/09  21:00:00,26.7,1.4,113.0,0.0,0.0 
 03/09  21:10:00,26.0,0.9,36.0,0.0,0.0 
 03/09  21:20:00,25.7,0.2,23.0,0.0,0.0 
 03/09  21:30:00,25.1,1.2,218.0,0.0,0.0 
 03/09  21:40:00,25.0,0.7,273.0,0.0,0.0 
 03/09  21:50:00,24.9,0.7,344.0,0.0,0.0 
 03/09  22:00:00,23.9,2.4,330.0,0.0,0.0 
 03/09  22:10:00,23.8,2.0,332.0,0.0,0.0 
 03/09  22:20:00,24.3,2.3,152.0,0.0,0.0 
 03/09  22:30:00,24.4,1.7,34.0,0.0,0.0 
 03/09  22:40:00,24.3,0.5,35.0,0.0,0.0 
 03/09  22:50:00,24.4,0.6,90.0,0.0,0.0 
 03/09  23:00:00,24.1,0.0,65.0,0.0,0.0 
 03/09  23:10:00,23.7,0.0,95.0,0.0,0.0 
 03/09  23:20:00,23.7,0.3,59.0,0.0,0.0 
 03/09  23:30:00,23.4,0.8,64.0,0.0,0.0 
 03/09  23:40:00,23.7,1.1,71.0,0.0,0.0 
 03/09  23:50:00,23.8,0.4,50.0,0.0,0.0 
 03/09  24:00:00,23.7,0.8,59.0,0.0,0.0 
 03/10  00:10:00,23.4,0.3,59.0,0.0,0.0 
 03/10  00:20:00,23.4,0.8,43.0,0.0,0.0 
 03/10  00:30:00,23.4,0.7,40.0,0.0,0.0 
 03/10  00:40:00,23.0,0.6,27.0,0.0,0.0 
 03/10  00:50:00,22.9,0.9,26.0,0.0,0.0 
 03/10  01:00:00,22.6,1.0,29.0,0.0,0.0 
 03/10  01:10:00,22.4,1.3,21.0,0.0,0.0 
 03/10  01:20:00,22.5,1.4,14.0,0.0,0.0 
 03/10  01:30:00,22.4,1.5,15.0,0.0,0.0 
 03/10  01:40:00,22.3,1.7,18.0,0.0,0.0 
 03/10  01:50:00,22.2,1.5,19.0,0.0,0.0 
 03/10  02:00:00,22.2,1.7,21.0,0.0,0.0 
 03/10  02:10:00,22.0,1.8,18.0,0.0,0.0 
 03/10  02:20:00,21.9,1.4,176.0,0.0,0.0 
 03/10  02:30:00,21.6,1.4,312.0,0.0,0.0 
 03/10  02:40:00,21.6,2.0,113.0,0.0,0.0 
 03/10  02:50:00,21.5,1.8,12.0,0.0,0.0 
 03/10  03:00:00,21.4,1.5,26.0,0.0,0.0 
 03/10  03:10:00,21.4,0.9,32.0,0.0,0.0 
 03/10  03:20:00,21.5,1.1,29.0,0.0,0.0 
 03/10  03:30:00,21.5,2.0,215.0,0.0,0.0 
 03/10  03:40:00,21.3,1.3,43.0,0.0,0.0 
 03/10  03:50:00,21.4,1.4,282.0,0.0,0.0 
 03/10  04:00:00,21.0,1.6,182.0,0.0,0.0 
 03/10  04:10:00,20.7,1.9,147.0,0.0,0.0 
 03/10  04:20:00,20.5,1.6,333.0,0.0,0.0 
 03/10  04:30:00,20.9,1.8,342.0,0.0,0.0 
 03/10  04:40:00,20.6,1.5,327.0,0.0,0.0 
 03/10  04:50:00,20.4,1.7,323.0,0.0,0.0 
 03/10  05:00:00,20.2,1.8,342.0,0.0,0.0 
 03/10  05:10:00,19.6,1.8,340.0,0.0,0.0 
 03/10  05:20:00,19.0,1.4,345.0,0.0,0.0 
 03/10  05:30:00,19.2,0.7,211.0,0.0,0.0 
 03/10  05:40:00,19.3,0.9,80.0,0.0,0.0 
 03/10  05:50:00,19.6,1.2,121.0,0.0,0.0 
 03/10  06:00:00,19.5,1.4,281.0,0.0,0.0 
 03/10  06:10:00,19.3,2.1,247.0,0.0,0.0 
 03/10  06:20:00,19.0,2.2,354.0,0.0,0.0 
 03/10  06:30:00,18.7,2.0,341.0,0.0,0.0 
 03/10  06:40:00,18.6,2.3,342.0,0.0,0.0 
 03/10  06:50:00,18.8,1.8,334.0,0.0,0.0 
 03/10  07:00:00,19.1,1.5,340.0,0.016,0.017980749159763942 
 03/10  07:10:00,18.8,1.7,334.0,2.75,3.325675943187297 
 03/10  07:20:00,18.2,1.6,344.0,10.64,14.587758406153904 
 03/10  07:30:00,18.5,1.6,328.0,20.91,38.116941545519865 
 03/10  07:40:00,18.3,2.1,329.0,30.38,68.69372111211474 
 03/10  07:50:00,18.9,1.5,330.0,39.01,102.75677701733827 
 03/10  08:00:00,19.7,1.7,333.0,46.2,140.51727560340925 
 03/10  08:10:00,20.0,1.5,237.0,52.47,180.16723822787128 
 03/10  08:20:00,20.9,0.9,212.0,57.82,220.89670247989855 
 03/10  08:30:00,22.1,0.0,176.0,62.36,259.85748978037515 
 03/10  08:40:00,23.5,0.0,125.0,66.7,300.34727870729745 
 03/10  08:50:00,25.0,0.1,173.0,71.31,340.60690917419186 
 03/10  09:00:00,25.4,0.4,160.0,75.98,384.7308526814698 
 03/10  09:10:00,25.1,1.1,162.0,78.24,429.8330552755504 
 03/10  09:20:00,25.2,1.3,145.0,81.2,467.9169077323167 
 03/10  09:30:00,25.4,1.0,164.0,84.3,508.77378264636604 
 03/10  09:40:00,25.3,1.8,180.0,87.2,546.6937732598683 
 03/10  09:50:00,26.2,0.7,152.0,89.5,586.487053847399 
 03/10  10:00:00,26.8,0.9,147.0,91.7,613.4803557580307 
 03/10  10:10:00,26.6,1.1,159.0,94.1,639.2125188361557 
 03/10  10:20:00,27.1,1.6,189.0,96.7,663.9511077785588 
 03/10  10:30:00,27.0,1.3,157.0,98.9,687.0510269503551 
 03/10  10:40:00,27.3,1.7,130.0,100.2,707.9700917224069 
 03/10  10:50:00,28.1,1.6,156.0,101.4,727.4690072662248 
 03/10  11:00:00,28.4,1.4,173.0,102.0,745.011202485732 
 03/10  11:10:00,28.9,0.9,168.0,103.4,761.9628981988012 
 03/10  11:20:00,28.9,1.6,193.0,104.5,777.1935521114332 
 03/10  11:30:00,28.8,1.2,132.0,105.1,790.4750437009726 
 03/10  11:40:00,29.0,1.6,152.0,106.6,803.1823642432214 
 03/10  11:50:00,29.1,1.3,243.0,108.6,814.8935855510183 
 03/10  12:00:00,29.0,2.0,115.0,112.0,826.4896221612065 
 03/10  12:10:00,29.3,1.5,113.0,110.9,832.0543017300653 
 03/10  12:20:00,30.3,1.1,124.0,111.5,837.7745776575399 
 03/10  12:30:00,31.3,1.3,115.0,112.8,842.6404236442763 
 03/10  12:40:00,31.1,1.1,235.0,113.7,845.544845248088 
 03/10  12:50:00,30.3,0.6,131.0,117.0,849.2837365665322 
 03/10  13:00:00,31.5,1.5,266.0,122.6,853.7563992087792 
 03/10  13:10:00,30.7,1.7,154.0,126.3,854.7648999262773 
 03/10  13:20:00,31.0,1.1,183.0,133.5,857.7143620585028 
 03/10  13:30:00,32.0,1.9,130.0,140.2,858.6131860316116 
 03/10  13:40:00,31.1,2.2,150.0,145.9,856.9724839191284 
 03/10  13:50:00,31.9,1.4,176.0,164.8,867.0067117688909 
 03/10  14:00:00,32.4,1.9,185.0,223.4,915.2329957167499 
 03/10  14:10:00,32.6,2.2,198.0,251.3,885.7310115671069 
 03/10  14:20:00,31.9,1.2,141.0,204.7,490.2356850620066 
 03/10  14:30:00,33.3,1.2,185.0,219.8,871.6824307726431 
 03/10  14:40:00,33.7,2.0,181.0,223.1,858.8095327760731 
 03/10  14:50:00,33.4,1.7,170.0,239.1,732.5048719064745 
 03/10  15:00:00,32.8,1.1,127.0,206.9,669.5411845758889 
 03/10  15:10:00,34.1,2.2,112.0,209.1,788.1690117283925 
 03/10  15:20:00,34.2,1.9,178.0,196.9,754.5068727988426 
 03/10  15:30:00,34.1,1.9,130.0,203.6,729.4799366176487 
 03/10  15:40:00,34.3,2.1,119.0,226.5,714.3397202626431 
 03/10  15:50:00,33.5,1.4,125.0,154.0,198.1073091804411 
 03/10  16:00:00,32.8,1.2,181.0,117.8,139.30402262148874 
 03/10  16:10:00,32.3,1.5,186.0,144.3,212.36247603487345 
 03/10  16:20:00,32.9,1.2,138.0,199.3,291.1116646881821 
 03/10  16:30:00,32.9,1.4,130.0,186.6,225.90492424750497 
 03/10  16:40:00,32.5,1.7,125.0,158.7,188.5859558782314 
 03/10  16:50:00,32.5,1.4,113.0,161.0,189.08905000037635 
 03/10  17:00:00,32.5,1.3,118.0,170.7,206.47896907735387 
 03/10  17:10:00,32.3,1.7,115.0,153.6,178.78163086557848 
 03/10  17:20:00,32.3,1.2,101.0,115.4,145.68321703137127 
 03/10  17:30:00,32.5,1.0,73.0,89.7,154.80824640524418 
 03/10  17:40:00,32.2,1.0,68.0,66.57,85.47438606281472 
 03/10  17:50:00,31.7,0.6,40.0,44.92,57.10569123953758 
 03/10  18:00:00,32.2,0.4,77.0,49.93,107.49944953239847 
 03/10  18:10:00,32.2,1.9,181.0,56.95,115.4093901353938 
 03/10  18:20:00,30.8,2.2,148.0,46.32,77.90988165913143 
 03/10  18:30:00,30.1,2.6,283.0,29.21,39.086333217544514 
 03/10  18:40:00,29.4,4.1,112.0,19.93,19.93000004373284 
 03/10  18:50:00,29.1,3.4,7.0,0.0,0.0 
 03/10  19:00:00,29.0,2.5,75.0,0.0,0.0 
 03/10  19:10:00,28.6,2.4,75.0,0.0,0.0 
 03/10  19:20:00,28.1,2.5,146.0,0.0,0.0 
 03/10  19:30:00,27.9,2.4,281.0,0.0,0.0 
 03/10  19:40:00,27.7,2.8,281.0,0.0,0.0 
 03/10  19:50:00,27.5,2.4,350.0,0.0,0.0 
 03/10  20:00:00,27.3,2.4,335.0,0.0,0.0 
 03/10  20:10:00,27.1,2.6,273.0,0.0,0.0 
 03/10  20:20:00,26.9,2.7,309.0,0.0,0.0 
 03/10  20:30:00,26.9,2.4,315.0,0.0,0.0 
 03/10  20:40:00,27.3,3.2,342.0,0.0,0.0 
 03/10  20:50:00,26.8,2.3,37.0,0.0,0.0 
 03/10  21:00:00,26.5,1.5,88.0,0.0,0.0 
 03/10  21:10:00,26.4,0.3,93.0,0.0,0.0 
 03/10  21:20:00,26.3,1.1,205.0,0.0,0.0 
 03/10  21:30:00,26.2,0.4,113.0,0.0,0.0 
 03/10  21:40:00,25.9,0.2,162.0,0.0,0.0 
 03/10  21:50:00,25.4,0.6,25.0,0.0,0.0 
 03/10  22:00:00,25.5,1.2,28.0,0.0,0.0 
 03/10  22:10:00,25.4,0.5,183.0,0.0,0.0 
 03/10  22:20:00,25.4,2.0,277.0,0.0,0.0 
 03/10  22:30:00,25.0,2.4,179.0,0.0,0.0 
 03/10  22:40:00,24.7,2.3,53.0,0.0,0.0 
 03/10  22:50:00,24.7,1.6,14.0,0.0,0.0 
 03/10  23:00:00,24.9,1.8,50.0,0.0,0.0 
 03/10  23:10:00,24.7,1.6,310.0,0.0,0.0 
 03/10  23:20:00,24.5,1.8,267.0,0.0,0.0 
 03/10  23:30:00,24.3,1.0,307.0,0.0,0.0 
 03/10  23:40:00,24.0,0.6,333.0,0.0,0.0 
 03/10  23:50:00,23.7,1.2,326.0,0.0,0.0 
 03/10  24:00:00,23.3,1.3,330.0,0.0,0.0 
